# _tick,_time,frames,total_loss,mean_episode_return,pg_loss,baseline_loss,entropy_loss,gen_rewards,gg_loss,generator_entropy_loss,generator_baseline_loss,mean_intrinsic_rewards,mean_episode_steps,ex_reward,generator_current_target
0,1605537406.0008407,0,2.7388806343078613,0.9228432178497314,2.7600090503692627,0.07466745376586914,-0.09579598158597946,,,,,,,,
1,1605537505.72739,800,25.29276466369629,0.0,24.716796875,0.6727724671363831,-0.0968048945069313,,,,,,,,
2,1605537614.5570211,1600,-15.579048156738281,0.0,-15.766043663024902,0.28347426652908325,-0.09647820144891739,,,,,,,,
